{"stats":{"minecraft:crafted":{"minecraft:oak_boat":1,"minecraft:oak_planks":80,"minecraft:crafting_table":2,"minecraft:stick":4,"minecraft:wooden_axe":1},"minecraft:dropped":{"minecraft:oak_planks":6},"minecraft:picked_up":{"minecraft:crafting_table":1,"minecraft:chicken":1,"minecraft:oak_log":20,"minecraft:oak_sapling":2},"minecraft:custom":{"minecraft:time_since_rest":11471,"minecraft:crouch_one_cm":3121,"minecraft:play_time":11471,"minecraft:sprint_one_cm":16671,"minecraft:damage_taken":280,"minecraft:walk_one_cm":22882,"minecraft:sneak_time":1249,"minecraft:walk_under_water_one_cm":2159,"minecraft:mob_kills":2,"minecraft:drop":6,"minecraft:boat_one_cm":79712,"minecraft:jump":50,"minecraft:damage_dealt":240,"minecraft:walk_on_water_one_cm":1612,"minecraft:time_since_death":11471,"minecraft:climb_one_cm":1340,"minecraft:total_world_time":11471,"minecraft:swim_one_cm":5344,"minecraft:interact_with_crafting_table":2,"minecraft:fall_one_cm":2055,"minecraft:fly_one_cm":13281},"minecraft:used":{"minecraft:wooden_axe":29,"minecraft:crafting_table":2,"minecraft:oak_sapling":2,"minecraft:oak_boat":1},"minecraft:mined":{"minecraft:grass":3,"minecraft:oak_log":20,"minecraft:oak_leaves":2,"minecraft:crafting_table":1},"minecraft:killed":{"minecraft:zombie":1,"minecraft:chicken":1}},"DataVersion":3120}