{"stats":{"minecraft:killed_by":{"autizmzrake:rake":1,"antlers:wendigo":1},"minecraft:crafted":{"minecraft:oak_boat":1,"minecraft:oak_planks":68,"minecraft:crafting_table":1,"minecraft:stick":4,"minecraft:wooden_axe":1},"minecraft:custom":{"minecraft:time_since_rest":29265,"minecraft:crouch_one_cm":4288,"minecraft:sprint_one_cm":86794,"minecraft:play_time":38748,"minecraft:deaths":4,"minecraft:damage_taken":870,"minecraft:walk_one_cm":55678,"minecraft:sneak_time":3346,"minecraft:walk_under_water_one_cm":5868,"minecraft:boat_one_cm":72690,"minecraft:jump":650,"minecraft:leave_game":3,"minecraft:walk_on_water_one_cm":2722,"minecraft:time_since_death":29905,"minecraft:sleep_in_bed":1,"minecraft:total_world_time":38748,"minecraft:swim_one_cm":5934,"minecraft:interact_with_crafting_table":7,"minecraft:fall_one_cm":7124,"minecraft:fly_one_cm":316130},"minecraft:picked_up":{"man:cassette_1safetyinstructions":2,"minecraft:ladder":1,"minecraft:oak_slab":1,"minecraft:deepslate_brick_wall":1,"minecraft:oak_sign":6,"minecraft:oak_stairs":1,"minecraft:oak_boat":1,"minecraft:oak_log":18,"minecraft:spruce_log":1,"minecraft:oak_sapling":1,"minecraft:oak_planks":6,"minecraft:egg":1},"minecraft:mined":{"minecraft:oak_log":18,"minecraft:oak_leaves":3},"minecraft:used":{"minecraft:oak_log":1,"minecraft:oak_leaves":2,"minecraft:crafting_table":1,"minecraft:oak_sapling":1,"minecraft:oak_boat":1,"minecraft:white_bed":1,"minecraft:egg":1}},"DataVersion":3120}