{"stats":{"minecraft:killed_by":{"autizmzrake:rake":1,"antlers:wendigo":1},"minecraft:picked_up":{"man:cassette_1safetyinstructions":2},"minecraft:custom":{"minecraft:jump":521,"minecraft:time_since_rest":17265,"minecraft:damage_taken":530,"minecraft:leave_game":3,"minecraft:crouch_one_cm":2931,"minecraft:time_since_death":17905,"minecraft:play_time":26748,"minecraft:sprint_one_cm":58517,"minecraft:walk_one_cm":23167,"minecraft:walk_on_water_one_cm":1148,"minecraft:deaths":4,"minecraft:sleep_in_bed":1,"minecraft:sneak_time":1773,"minecraft:total_world_time":26748,"minecraft:walk_under_water_one_cm":2112,"minecraft:fall_one_cm":2253,"minecraft:fly_one_cm":289809},"minecraft:used":{"minecraft:oak_leaves":2,"minecraft:white_bed":1}},"DataVersion":3120}