{"stats":{"minecraft:killed_by":{"autizmzrake:rake":1,"antlers:wendigo":1},"minecraft:picked_up":{"man:cassette_1safetyinstructions":2},"minecraft:custom":{"minecraft:jump":307,"minecraft:time_since_rest":5570,"minecraft:crouch_one_cm":2293,"minecraft:damage_taken":520,"minecraft:leave_game":1,"minecraft:time_since_death":6210,"minecraft:play_time":15053,"minecraft:sprint_one_cm":24098,"minecraft:walk_one_cm":9098,"minecraft:walk_on_water_one_cm":103,"minecraft:deaths":4,"minecraft:sleep_in_bed":1,"minecraft:sneak_time":1143,"minecraft:total_world_time":15053,"minecraft:walk_under_water_one_cm":1393,"minecraft:fall_one_cm":1291,"minecraft:fly_one_cm":89015},"minecraft:used":{"minecraft:white_bed":1}},"DataVersion":3120}